selected_action_id,resolved_action_id,character_id,actor_character_id,time_start,time_end,combat_time_start,combat_time_end,combat_time_cost,effective_combat_time_cost,damage,total_damage_after,scheduled_damage,generated_mechanic_damage,truncated_by_combat_limit
aemeath_resonance_skill,aemeath_form_switch_to_mech_normal,aemeath,aemeath,0.0,0.5,0.0,0.5,0.5,0.5,3807.8047540083026,3807.8047540083026,0.0,0.0,False
swap_to_lynae,swap_to_lynae,lynae,aemeath,0.5,0.5,0.5,0.5,0.0,0.0,0.0,3807.8047540083026,0.0,0.0,False
lynae_resonance_skill,lynae_resonance_skill_palette,lynae,lynae,0.5,1.7833333333333334,0.5,1.7833333333333334,1.2833333333333334,1.2833333333333334,9472.807914521018,13280.61266852932,0.0,0.0,False
swap_to_mornye,swap_to_mornye,mornye,lynae,1.7833333333333334,1.7833333333333334,1.7833333333333334,1.7833333333333334,0.0,0.0,0.0,13280.61266852932,0.0,0.0,False
short_wait,short_wait,,mornye,1.7833333333333334,2.283333333333333,1.7833333333333334,2.283333333333333,0.5,0.5,0.0,13280.61266852932,0.0,0.0,False
mornye_resonance_skill,mornye_skill_expectation_error,mornye,mornye,2.283333333333333,2.6333333333333333,2.283333333333333,2.6333333333333333,0.35,0.35,0.0,13280.61266852932,0.0,0.0,False
mornye_echo_reactor_husk,mornye_echo_reactor_husk,mornye,mornye,2.6333333333333333,3.7333333333333334,2.6333333333333333,3.7333333333333334,1.1,1.1,2071.3932654700507,15352.005933999371,0.0,0.0,False
swap_to_lynae,swap_to_lynae,lynae,mornye,3.7333333333333334,3.7333333333333334,3.7333333333333334,3.7333333333333334,0.0,0.0,0.0,15352.005933999371,0.0,0.0,False
lynae_resonance_liberation,lynae_resonance_liberation_prismatic_overblast,lynae,lynae,3.7333333333333334,7.733333333333333,3.7333333333333334,3.7333333333333334,0.0,0.0,28501.404397599254,43853.41033159863,0.0,0.0,False
lynae_echo_hyvatia,lynae_echo_hyvatia,lynae,lynae,7.733333333333333,8.933333333333334,3.7333333333333334,4.933333333333334,1.2,1.2,10347.330985049632,54200.74131664826,0.0,0.0,False
swap_to_mornye,swap_to_mornye,mornye,lynae,8.933333333333334,8.933333333333334,4.933333333333334,4.933333333333334,0.0,0.0,0.0,54200.74131664826,0.0,0.0,False
swap_to_aemeath,swap_to_aemeath,aemeath,mornye,8.933333333333334,8.933333333333334,4.933333333333334,4.933333333333334,0.0,0.0,0.0,54200.74131664826,0.0,0.0,False
aemeath_resonance_liberation,aemeath_liberation_overdrive,aemeath,aemeath,8.933333333333334,13.3,4.933333333333334,4.933333333333334,0.0,0.0,92778.11306131657,146978.85437796483,0.0,0.0,False
short_wait,short_wait,,aemeath,13.3,13.8,4.933333333333334,5.433333333333334,0.5,0.5,0.0,146978.85437796483,0.0,0.0,False
aemeath_basic_attack,aemeath_mech_basic_stage_2,aemeath,aemeath,13.8,14.566666666666668,5.433333333333334,6.2,0.7666666666666667,0.7666666666666667,5905.219440824638,152884.07381878947,0.0,0.0,False
aemeath_basic_attack,aemeath_mech_basic_stage_3,aemeath,aemeath,14.566666666666668,15.533333333333335,6.2,7.166666666666667,0.9666666666666667,0.9666666666666667,8804.592197960696,161688.66601675018,0.0,0.0,False
swap_to_mornye,swap_to_mornye,mornye,aemeath,15.533333333333335,15.533333333333335,7.166666666666667,7.166666666666667,0.0,0.0,0.0,161688.66601675018,0.0,0.0,False
mornye_resonance_liberation,mornye_liberation_critical_protocol,mornye,mornye,15.533333333333335,20.233333333333334,7.166666666666667,7.166666666666667,0.0,0.0,29959.78579474985,191648.45181150004,0.0,0.0,False
swap_to_lynae,swap_to_lynae,lynae,mornye,20.233333333333334,20.233333333333334,7.166666666666667,7.166666666666667,0.0,0.0,0.0,191648.45181150004,0.0,0.0,False
lynae_basic_attack,lynae_to_a_vivid_tomorrow,lynae,lynae,20.233333333333334,22.71666666666667,7.166666666666667,9.65,2.4833333333333334,2.4833333333333334,8896.5943362181,200545.04614771815,0.0,0.0,False
swap_to_mornye,swap_to_mornye,mornye,lynae,22.71666666666667,22.71666666666667,9.65,9.65,0.0,0.0,0.0,200545.04614771815,0.0,0.0,False
mornye_resonance_skill,mornye_skill_expectation_error,mornye,mornye,22.71666666666667,23.06666666666667,9.65,10.0,0.35,0.35,0.0,200545.04614771815,0.0,0.0,False
swap_to_aemeath,swap_to_aemeath,aemeath,mornye,23.06666666666667,23.06666666666667,10.0,10.0,0.0,0.0,0.0,200545.04614771815,0.0,0.0,False
aemeath_basic_attack,aemeath_mech_basic_stage_4,aemeath,aemeath,23.06666666666667,24.083333333333336,10.0,11.016666666666666,1.0166666666666666,1.0166666666666666,14186.197251914738,214731.2433996329,0.0,0.0,False
aemeath_basic_attack,aemeath_mech_basic_stage_1,aemeath,aemeath,24.083333333333336,24.583333333333336,11.016666666666666,11.516666666666666,0.5,0.5,7336.0526690932875,222067.29606872617,0.0,0.0,False
aemeath_basic_attack,aemeath_mech_basic_stage_2,aemeath,aemeath,24.583333333333336,25.35,11.516666666666666,12.283333333333333,0.7666666666666667,0.7666666666666667,9784.565650458766,231851.86171918493,0.0,0.0,False
aemeath_echo_sigillum,aemeath_echo_sigillum,aemeath,aemeath,25.35,25.35,12.283333333333333,12.283333333333333,0.0,0.0,0.0,231851.86171918493,0.0,0.0,False
aemeath_basic_attack,aemeath_mech_basic_stage_3,aemeath,aemeath,25.35,26.316666666666666,12.283333333333333,13.25,0.9666666666666667,0.9666666666666667,40300.8583049974,272152.72002418234,28838.27600953914,0.0,False
aemeath_basic_attack,aemeath_mech_basic_stage_4,aemeath,aemeath,26.316666666666666,27.333333333333332,13.25,14.266666666666666,1.0166666666666666,1.0166666666666666,14186.197251914738,286338.9172760971,0.0,0.0,False
aemeath_basic_attack,aemeath_mech_basic_stage_1,aemeath,aemeath,27.333333333333332,27.833333333333332,14.266666666666666,14.766666666666666,0.5,0.5,7336.0526690932875,293674.9699451904,0.0,0.0,False
short_wait,short_wait,,aemeath,27.833333333333332,28.333333333333332,14.766666666666666,15.266666666666666,0.5,0.5,0.0,293674.9699451904,0.0,0.0,False
aemeath_basic_attack,aemeath_mech_basic_stage_2,aemeath,aemeath,28.333333333333332,29.099999999999998,15.266666666666666,16.03333333333333,0.7666666666666667,0.7666666666666667,9784.565650458766,303459.53559564915,0.0,0.0,False
aemeath_resonance_skill,aemeath_seraphic_duet_encore,aemeath,aemeath,29.099999999999998,31.516666666666666,16.03333333333333,17.366666666666664,1.3333333333333333,1.3333333333333333,102150.59012648455,405610.1257221337,0.0,49337.33509234829,False
aemeath_basic_attack,aemeath_basic_form_stage_2,aemeath,aemeath,31.516666666666666,32.199999999999996,17.366666666666664,18.049999999999997,0.6833333333333333,0.6833333333333333,7321.296241310628,412931.42196344427,0.0,0.0,False
swap_to_mornye,swap_to_mornye,mornye,aemeath,32.199999999999996,32.199999999999996,18.049999999999997,18.049999999999997,0.0,0.0,0.0,412931.42196344427,0.0,0.0,False
swap_to_lynae,swap_to_lynae,lynae,mornye,32.199999999999996,32.199999999999996,18.049999999999997,18.049999999999997,0.0,0.0,0.0,412931.42196344427,0.0,0.0,False
lynae_resonance_skill,lynae_resonance_skill_palette,lynae,lynae,32.199999999999996,33.48333333333333,18.049999999999997,19.333333333333332,1.2833333333333334,1.2833333333333334,11746.281814006063,424677.7037774503,0.0,0.0,False
short_wait,short_wait,,lynae,33.48333333333333,33.98333333333333,19.333333333333332,19.833333333333332,0.5,0.5,0.0,424677.7037774503,0.0,0.0,False
swap_to_mornye,swap_to_mornye,mornye,lynae,33.98333333333333,33.98333333333333,19.833333333333332,19.833333333333332,0.0,0.0,0.0,424677.7037774503,0.0,0.0,False
mornye_resonance_skill,mornye_skill_expectation_error,mornye,mornye,33.98333333333333,34.33333333333333,19.833333333333332,20.183333333333334,0.35,0.35,0.0,424677.7037774503,0.0,0.0,False
swap_to_aemeath,swap_to_aemeath,aemeath,mornye,34.33333333333333,34.33333333333333,20.183333333333334,20.183333333333334,0.0,0.0,0.0,424677.7037774503,0.0,0.0,False
aemeath_basic_attack,aemeath_basic_form_stage_3,aemeath,aemeath,34.33333333333333,35.06666666666666,20.183333333333334,20.916666666666668,0.7333333333333333,0.7333333333333333,9818.294628247699,434495.998405698,0.0,0.0,False
aemeath_basic_attack,aemeath_basic_form_stage_4,aemeath,aemeath,35.06666666666666,36.05,20.916666666666668,21.900000000000002,0.9833333333333333,0.9833333333333333,14186.197251914738,448682.19565761276,0.0,0.0,False
aemeath_basic_attack,aemeath_basic_form_stage_1,aemeath,aemeath,36.05,36.43333333333333,21.900000000000002,22.283333333333335,0.38333333333333336,0.38333333333333336,4885.431626616005,453567.62728422874,0.0,0.0,False
swap_to_mornye,swap_to_mornye,mornye,aemeath,36.43333333333333,36.43333333333333,22.283333333333335,22.283333333333335,0.0,0.0,0.0,453567.62728422874,0.0,0.0,False
mornye_heavy_attack,mornye_heavy_attack_normal,mornye,mornye,36.43333333333333,38.016666666666666,22.283333333333335,23.866666666666667,1.5833333333333333,1.5833333333333333,744.8518804361637,454312.4791646649,0.0,0.0,False
swap_to_lynae,swap_to_lynae,lynae,mornye,38.016666666666666,38.016666666666666,23.866666666666667,23.866666666666667,0.0,0.0,0.0,454312.4791646649,0.0,0.0,False
short_wait,short_wait,,lynae,38.016666666666666,38.516666666666666,23.866666666666667,24.366666666666667,0.5,0.5,0.0,454312.4791646649,0.0,0.0,False
swap_to_aemeath,swap_to_aemeath,aemeath,lynae,38.516666666666666,38.516666666666666,24.366666666666667,24.366666666666667,0.0,0.0,0.0,454312.4791646649,0.0,0.0,False
aemeath_basic_attack,aemeath_basic_form_stage_2,aemeath,aemeath,38.516666666666666,39.199999999999996,24.366666666666667,25.05,0.6833333333333333,0.6833333333333333,7321.296241310628,461633.7754059755,0.0,0.0,False
aemeath_basic_attack,aemeath_basic_form_stage_3,aemeath,aemeath,39.199999999999996,39.93333333333333,25.05,25.783333333333335,0.7333333333333333,0.7333333333333333,9818.294628247699,471452.0700342232,0.0,0.0,False
aemeath_basic_attack,aemeath_basic_form_stage_4,aemeath,aemeath,39.93333333333333,40.916666666666664,25.783333333333335,26.76666666666667,0.9833333333333333,0.9833333333333333,14186.197251914738,485638.2672861379,0.0,0.0,False
aemeath_basic_attack,aemeath_basic_form_stage_1,aemeath,aemeath,40.916666666666664,41.3,26.76666666666667,27.150000000000002,0.38333333333333336,0.38333333333333336,4885.431626616005,490523.6989127539,0.0,0.0,False
aemeath_basic_attack,aemeath_basic_form_stage_2,aemeath,aemeath,41.3,41.98333333333333,27.150000000000002,27.833333333333336,0.6833333333333333,0.6833333333333333,7321.296241310628,497844.9951540645,0.0,0.0,False
aemeath_basic_attack,aemeath_basic_form_stage_3,aemeath,aemeath,41.98333333333333,42.71666666666666,27.833333333333336,28.56666666666667,0.7333333333333333,0.7333333333333333,9818.294628247699,507663.2897823122,0.0,0.0,False
aemeath_resonance_skill,aemeath_seraphic_duet_overturn,aemeath,aemeath,42.71666666666666,45.8,28.56666666666667,29.96666666666667,1.4,1.4,102157.96834037587,609821.258122688,0.0,49337.33509234829,False
aemeath_basic_attack,aemeath_mech_basic_stage_2,aemeath,aemeath,45.8,46.56666666666666,29.96666666666667,30.733333333333334,0.7666666666666667,0.7666666666666667,9784.565650458766,619605.8237731468,0.0,0.0,False
swap_to_lynae,transition:lynae_intro_time_to_show_some_colors,lynae,lynae,46.56666666666666,47.9,30.733333333333334,32.06666666666667,1.3333333333333333,1.3333333333333333,9187.379761154943,628793.2035343018,0.0,0.0,False
swap_to_mornye,swap_to_mornye,mornye,lynae,47.9,47.9,32.06666666666667,32.06666666666667,0.0,0.0,0.0,628793.2035343018,0.0,0.0,False
mornye_echo_reactor_husk,mornye_echo_reactor_husk,mornye,mornye,47.9,49.0,32.06666666666667,33.16666666666667,1.1,1.1,2775.6669757298678,631568.8705100317,0.0,0.0,False
swap_to_lynae,swap_to_lynae,lynae,mornye,49.0,49.0,33.16666666666667,33.16666666666667,0.0,0.0,0.0,631568.8705100317,0.0,0.0,False
lynae_resonance_skill,lynae_resonance_skill_palette,lynae,lynae,49.0,50.28333333333333,33.16666666666667,34.45,1.2833333333333334,1.2833333333333334,15440.426958507926,647009.2974685397,0.0,0.0,False
swap_to_mornye,swap_to_mornye,mornye,lynae,50.28333333333333,50.28333333333333,34.45,34.45,0.0,0.0,0.0,647009.2974685397,0.0,0.0,False
mornye_resonance_skill,mornye_skill_expectation_error,mornye,mornye,50.28333333333333,50.63333333333333,34.45,34.800000000000004,0.35,0.35,0.0,647009.2974685397,0.0,0.0,False
swap_to_aemeath,swap_to_aemeath,aemeath,mornye,50.63333333333333,50.63333333333333,34.800000000000004,34.800000000000004,0.0,0.0,0.0,647009.2974685397,0.0,0.0,False
aemeath_basic_attack,aemeath_mech_basic_stage_3,aemeath,aemeath,50.63333333333333,51.6,34.800000000000004,35.76666666666667,0.9666666666666667,0.9666666666666667,7100.477579000561,654109.7750475402,0.0,0.0,False
aemeath_basic_attack,aemeath_mech_basic_stage_4,aemeath,aemeath,51.6,52.61666666666667,35.76666666666667,36.78333333333334,1.0166666666666666,1.0166666666666666,11440.48165476995,665550.2567023102,0.0,0.0,False
aemeath_basic_attack,aemeath_mech_basic_stage_1,aemeath,aemeath,52.61666666666667,53.11666666666667,36.78333333333334,37.28333333333334,0.5,0.5,5916.171507333296,671466.4282096435,0.0,0.0,False
aemeath_basic_attack,aemeath_mech_basic_stage_2,aemeath,aemeath,53.11666666666667,53.88333333333333,37.28333333333334,38.050000000000004,0.7666666666666667,0.7666666666666667,7890.778750369972,679357.2069600135,0.0,0.0,False
aemeath_echo_sigillum,aemeath_echo_sigillum,aemeath,aemeath,53.88333333333333,53.88333333333333,38.050000000000004,38.050000000000004,0.0,0.0,0.0,679357.2069600135,0.0,0.0,False
aemeath_basic_attack,aemeath_mech_basic_stage_3,aemeath,aemeath,53.88333333333333,54.85,38.050000000000004,39.01666666666667,0.9666666666666667,0.9666666666666667,32500.692181449514,711857.899141463,23256.67420124124,0.0,False
aemeath_basic_attack,aemeath_mech_basic_stage_4,aemeath,aemeath,54.85,55.86666666666667,39.01666666666667,40.03333333333334,1.0166666666666666,1.0166666666666666,11440.48165476995,723298.380796233,0.0,0.0,False
aemeath_basic_attack,aemeath_mech_basic_stage_1,aemeath,aemeath,55.86666666666667,56.36666666666667,40.03333333333334,40.53333333333334,0.5,0.5,5916.171507333296,729214.5523035662,0.0,0.0,False
aemeath_basic_attack,aemeath_mech_basic_stage_2,aemeath,aemeath,56.36666666666667,57.13333333333333,40.53333333333334,41.300000000000004,0.7666666666666667,0.7666666666666667,7890.778750369972,737105.3310539363,0.0,0.0,False
aemeath_basic_attack,aemeath_mech_basic_stage_3,aemeath,aemeath,57.13333333333333,58.1,41.300000000000004,42.26666666666667,0.9666666666666667,0.9666666666666667,9244.017980208275,746349.3490341445,0.0,0.0,False
aemeath_resonance_skill,aemeath_seraphic_duet_encore,aemeath,aemeath,58.1,60.516666666666666,42.26666666666667,43.60000000000001,1.3333333333333333,1.3333333333333333,67260.00225112273,813609.3512852673,0.0,24668.667546174143,False
aemeath_basic_attack,aemeath_basic_form_stage_2,aemeath,aemeath,60.516666666666666,61.199999999999996,43.60000000000001,44.28333333333334,0.6833333333333333,0.6833333333333333,5904.271162347281,819513.6224476146,0.0,0.0,False
aemeath_heavy_attack,aemeath_heavy_aemeath_charged_2,aemeath,aemeath,61.199999999999996,62.71666666666666,44.28333333333334,45.800000000000004,1.5166666666666666,1.5166666666666666,82826.40110266616,902340.0235502807,0.0,0.0,False
aemeath_resonance_liberation,aemeath_heavenfall_finale,aemeath,aemeath,62.71666666666666,68.38333333333333,45.800000000000004,45.800000000000004,0.0,0.0,212931.6828002723,1115271.706350553,0.0,0.0,False
aemeath_basic_attack,aemeath_basic_form_stage_1,aemeath,aemeath,68.38333333333333,68.76666666666667,45.800000000000004,46.18333333333334,0.38333333333333336,0.38333333333333336,3939.864215012907,1119211.570565566,0.0,0.0,False
aemeath_basic_attack,aemeath_basic_form_stage_2,aemeath,aemeath,68.76666666666667,69.45,46.18333333333334,46.86666666666667,0.6833333333333333,0.6833333333333333,5904.271162347281,1125115.8417279131,0.0,0.0,False
aemeath_basic_attack,aemeath_basic_form_stage_3,aemeath,aemeath,69.45,70.18333333333334,46.86666666666667,47.6,0.7333333333333333,0.7333333333333333,7917.979538909435,1133033.8212668225,0.0,0.0,False
aemeath_basic_attack,aemeath_basic_form_stage_4,aemeath,aemeath,70.18333333333334,71.16666666666667,47.6,48.583333333333336,0.9833333333333333,0.9833333333333333,11440.48165476995,1144474.3029215925,0.0,0.0,False
aemeath_basic_attack,aemeath_basic_form_stage_1,aemeath,aemeath,71.16666666666667,71.55000000000001,48.583333333333336,48.96666666666667,0.38333333333333336,0.38333333333333336,3939.864215012907,1148414.1671366054,0.0,0.0,False
aemeath_basic_attack,aemeath_basic_form_stage_2,aemeath,aemeath,71.55000000000001,72.23333333333335,48.96666666666667,49.65,0.6833333333333333,0.6833333333333333,5904.271162347281,1154318.4382989525,0.0,0.0,False
swap_to_mornye,swap_to_mornye,mornye,aemeath,72.23333333333335,72.23333333333335,49.65,49.65,0.0,0.0,0.0,1154318.4382989525,0.0,0.0,False
mornye_resonance_skill,mornye_skill_expectation_error,mornye,mornye,72.23333333333335,72.58333333333334,49.65,50.0,0.35,0.35,0.0,1154318.4382989525,0.0,0.0,False
swap_to_lynae,swap_to_lynae,lynae,mornye,72.58333333333334,72.58333333333334,50.0,50.0,0.0,0.0,0.0,1154318.4382989525,0.0,0.0,False
lynae_tune_break,lynae_tune_break,lynae,lynae,72.58333333333334,74.18333333333334,50.0,50.0,0.0,0.0,212259.20311795565,1366577.6414169085,0.0,0.0,False
lynae_resonance_skill,lynae_resonance_skill_palette,lynae,lynae,74.18333333333334,75.46666666666667,50.0,51.28333333333333,1.2833333333333334,1.2833333333333334,11367.369497425221,1377945.0109143336,0.0,0.0,False
lynae_echo_hyvatia,lynae_echo_hyvatia,lynae,lynae,75.46666666666667,76.66666666666667,51.28333333333333,52.483333333333334,1.2,1.2,8344.621762136801,1386289.6326764703,0.0,0.0,False
swap_to_mornye,swap_to_mornye,mornye,lynae,76.66666666666667,76.66666666666667,52.483333333333334,52.483333333333334,0.0,0.0,0.0,1386289.6326764703,0.0,0.0,False
mornye_basic_attack,mornye_basic_stage_1,mornye,mornye,76.66666666666667,77.08333333333334,52.483333333333334,52.9,0.4166666666666667,0.4166666666666667,1022.2278916037181,1387311.860568074,0.0,0.0,False
swap_to_aemeath,swap_to_aemeath,aemeath,mornye,77.08333333333334,77.08333333333334,52.9,52.9,0.0,0.0,0.0,1387311.860568074,0.0,0.0,False
aemeath_basic_attack,aemeath_basic_form_stage_3,aemeath,aemeath,77.08333333333334,77.81666666666668,52.9,53.63333333333333,0.7333333333333333,0.7333333333333333,7917.979538909435,1395229.8401069834,0.0,0.0,False
aemeath_resonance_skill,aemeath_sync_strike_armament_merge,aemeath,aemeath,77.81666666666668,79.10000000000001,53.63333333333333,54.916666666666664,1.2833333333333334,1.2833333333333334,12112.277379846557,1407342.11748683,0.0,0.0,False
aemeath_resonance_liberation,aemeath_liberation_overdrive,aemeath,aemeath,79.10000000000001,83.46666666666667,54.916666666666664,54.916666666666664,0.0,0.0,119481.84372859035,1526823.9612154204,0.0,0.0,False
aemeath_basic_attack,aemeath_mech_basic_stage_2,aemeath,aemeath,83.46666666666667,84.23333333333333,54.916666666666664,55.68333333333333,0.7666666666666667,0.7666666666666667,7890.778750369972,1534714.7399657904,0.0,0.0,False
aemeath_basic_attack,aemeath_mech_basic_stage_3,aemeath,aemeath,84.23333333333333,85.2,55.68333333333333,56.65,0.9666666666666667,0.9666666666666667,9244.017980208275,1543958.7579459988,0.0,0.0,False
aemeath_basic_attack,aemeath_mech_basic_stage_4,aemeath,aemeath,85.2,86.21666666666667,56.65,57.666666666666664,1.0166666666666666,1.0166666666666666,11440.48165476995,1555399.2396007688,0.0,0.0,False
aemeath_basic_attack,aemeath_mech_basic_stage_1,aemeath,aemeath,86.21666666666667,86.71666666666667,57.666666666666664,58.166666666666664,0.5,0.5,5916.171507333296,1561315.4111081022,0.0,0.0,False
aemeath_basic_attack,aemeath_mech_basic_stage_2,aemeath,aemeath,86.71666666666667,87.48333333333333,58.166666666666664,58.93333333333333,0.7666666666666667,0.7666666666666667,7890.778750369972,1569206.1898584722,0.0,0.0,False
aemeath_basic_attack,aemeath_mech_basic_stage_3,aemeath,aemeath,87.48333333333333,88.45,58.93333333333333,59.9,0.9666666666666667,0.9666666666666667,9244.017980208275,1578450.2078386806,0.0,0.0,False
aemeath_basic_attack,aemeath_mech_basic_stage_4,aemeath,aemeath,88.45,89.46666666666667,59.9,60.916666666666664,1.0166666666666666,1.0166666666666666,11440.48165476995,1589890.6894934506,0.0,0.0,False
aemeath_basic_attack,aemeath_mech_basic_stage_1,aemeath,aemeath,89.46666666666667,89.96666666666667,60.916666666666664,61.416666666666664,0.5,0.5,5916.171507333296,1595806.861000784,0.0,0.0,False
aemeath_basic_attack,aemeath_mech_basic_stage_2,aemeath,aemeath,89.96666666666667,90.73333333333333,61.416666666666664,62.18333333333333,0.7666666666666667,0.7666666666666667,7890.778750369972,1603697.639751154,0.0,0.0,False
aemeath_resonance_skill,aemeath_seraphic_duet_encore,aemeath,aemeath,90.73333333333333,93.15,62.18333333333333,63.516666666666666,1.3333333333333333,1.3333333333333333,151133.4719081148,1754831.1116592688,0.0,108542.13720316622,False
aemeath_basic_attack,aemeath_basic_form_stage_2,aemeath,aemeath,93.15,93.83333333333334,63.516666666666666,64.2,0.6833333333333333,0.6833333333333333,5904.271162347281,1760735.382821616,0.0,0.0,False
aemeath_basic_attack,aemeath_basic_form_stage_3,aemeath,aemeath,93.83333333333334,94.56666666666668,64.2,64.93333333333334,0.7333333333333333,0.7333333333333333,7917.979538909435,1768653.3623605254,0.0,0.0,False
aemeath_basic_attack,aemeath_basic_form_stage_4,aemeath,aemeath,94.56666666666668,95.55000000000001,64.93333333333334,65.91666666666667,0.9833333333333333,0.9833333333333333,11440.48165476995,1780093.8440152954,0.0,0.0,False
short_wait,short_wait,,aemeath,95.55000000000001,96.05000000000001,65.91666666666667,66.41666666666667,0.5,0.5,0.0,1780093.8440152954,0.0,0.0,False
aemeath_basic_attack,aemeath_basic_form_stage_1,aemeath,aemeath,96.05000000000001,96.43333333333335,66.41666666666667,66.80000000000001,0.38333333333333336,0.38333333333333336,3939.864215012907,1784033.7082303083,0.0,0.0,False
aemeath_heavy_attack,aemeath_heavy_aemeath_charged_1,aemeath,aemeath,96.43333333333335,97.63333333333335,66.80000000000001,68.00000000000001,1.2,1.2,11047.090250517958,1795080.7984808262,0.0,0.0,False
aemeath_basic_attack,aemeath_basic_form_stage_2,aemeath,aemeath,97.63333333333335,98.31666666666669,68.00000000000001,68.68333333333335,0.6833333333333333,0.6833333333333333,5904.271162347281,1800985.0696431734,0.0,0.0,False
aemeath_basic_attack,aemeath_basic_form_stage_3,aemeath,aemeath,98.31666666666669,99.05000000000003,68.68333333333335,69.41666666666669,0.7333333333333333,0.7333333333333333,7917.979538909435,1808903.0491820828,0.0,0.0,False
aemeath_basic_attack,aemeath_basic_form_stage_4,aemeath,aemeath,99.05000000000003,100.03333333333336,69.41666666666669,70.40000000000002,0.9833333333333333,0.9833333333333333,11440.48165476995,1820343.5308368527,0.0,0.0,False
aemeath_resonance_skill,aemeath_seraphic_duet_overturn,aemeath,aemeath,100.03333333333336,103.11666666666669,70.40000000000002,71.80000000000003,1.4,1.4,151139.42208060782,1971482.9529174606,0.0,108542.13720316622,False
aemeath_basic_attack,aemeath_mech_basic_stage_2,aemeath,aemeath,103.11666666666669,103.88333333333335,71.80000000000003,72.56666666666669,0.7666666666666667,0.7666666666666667,7890.778750369972,1979373.7316678306,0.0,0.0,False
aemeath_basic_attack,aemeath_mech_basic_stage_3,aemeath,aemeath,103.88333333333335,104.85000000000002,72.56666666666669,73.53333333333336,0.9666666666666667,0.9666666666666667,9244.017980208275,1988617.749648039,0.0,0.0,False
swap_to_lynae,transition:lynae_intro_time_to_show_some_colors,lynae,lynae,104.85000000000002,106.18333333333335,73.53333333333336,74.86666666666669,1.3333333333333333,1.3333333333333333,7541.878908410777,1996159.6285564497,0.0,0.0,False
short_wait,short_wait,,lynae,106.18333333333335,106.68333333333335,74.86666666666669,75.36666666666669,0.5,0.5,0.0,1996159.6285564497,0.0,0.0,False
lynae_resonance_skill,lynae_resonance_skill_palette,lynae,lynae,106.68333333333335,107.96666666666668,75.36666666666669,76.65000000000002,1.2833333333333334,1.2833333333333334,12867.022465423272,2009026.6510218729,0.0,0.0,False
swap_to_mornye,transition:mornye_intro_convergence,mornye,mornye,107.96666666666668,109.80000000000001,76.65000000000002,78.48333333333335,1.8333333333333333,1.8333333333333333,3403.643783820956,2012430.294805694,0.0,0.0,False
swap_to_lynae,transition:lynae_intro_time_to_show_some_colors,lynae,lynae,109.80000000000001,111.13333333333334,78.48333333333335,79.81666666666668,1.3333333333333333,1.3333333333333333,14863.351794696384,2027293.6466003903,3459.788899759772,0.0,False
swap_to_mornye,swap_to_mornye,mornye,lynae,111.13333333333334,111.13333333333334,79.81666666666668,79.81666666666668,0.0,0.0,0.0,2027293.6466003903,0.0,0.0,False
mornye_resonance_skill,mornye_skill_distributed_array,mornye,mornye,111.13333333333334,112.13333333333334,79.81666666666668,80.81666666666668,1.0,1.0,6289.6977893554385,2033583.3443897457,2306.5259331731813,0.0,False
swap_to_lynae,swap_to_lynae,lynae,mornye,112.13333333333334,112.13333333333334,80.81666666666668,80.81666666666668,0.0,0.0,0.0,2033583.3443897457,0.0,0.0,False
lynae_spark_collision,lynae_spark_collision_lv3,lynae,lynae,112.13333333333334,113.68333333333334,80.81666666666668,82.36666666666667,1.55,1.55,36392.24051037226,2069975.584900118,0.0,0.0,False
swap_to_mornye,swap_to_mornye,mornye,lynae,113.68333333333334,113.68333333333334,82.36666666666667,82.36666666666667,0.0,0.0,0.0,2069975.584900118,0.0,0.0,False
mornye_echo_reactor_husk,mornye_echo_reactor_husk,mornye,mornye,113.68333333333334,114.78333333333333,82.36666666666667,83.46666666666667,1.1,1.1,4044.579522755539,2074020.1644228734,0.0,0.0,False
swap_to_lynae,swap_to_lynae,lynae,mornye,114.78333333333333,114.78333333333333,83.46666666666667,83.46666666666667,0.0,0.0,0.0,2074020.1644228734,0.0,0.0,False
lynae_resonance_skill,lynae_resonance_skill_additive_color,lynae,lynae,114.78333333333333,116.06666666666666,83.46666666666667,84.75,1.2833333333333334,1.2833333333333334,14598.15864788201,2088618.3230707555,0.0,0.0,False
swap_to_mornye,swap_to_mornye,mornye,lynae,116.06666666666666,116.06666666666666,84.75,84.75,0.0,0.0,0.0,2088618.3230707555,0.0,0.0,False
swap_to_aemeath,swap_to_aemeath,aemeath,mornye,116.06666666666666,116.06666666666666,84.75,84.75,0.0,0.0,0.0,2088618.3230707555,0.0,0.0,False
aemeath_echo_sigillum,aemeath_echo_sigillum,aemeath,aemeath,116.06666666666666,116.06666666666666,84.75,84.75,0.0,0.0,0.0,2088618.3230707555,0.0,0.0,False
short_wait,short_wait,,aemeath,116.06666666666666,116.56666666666666,84.75,85.25,0.5,0.5,4803.606004812406,2093421.929075568,4803.606004812406,0.0,False
aemeath_basic_attack,aemeath_mech_basic_stage_4,aemeath,aemeath,116.56666666666666,117.58333333333333,85.25,86.26666666666667,1.0166666666666666,1.0166666666666666,30370.655135907236,2123792.584211475,18340.911839336546,0.0,False
aemeath_basic_attack,aemeath_mech_basic_stage_1,aemeath,aemeath,117.58333333333333,118.08333333333333,86.26666666666667,86.76666666666667,0.5,0.5,8098.899832398196,2131891.4840438734,0.0,0.0,False
aemeath_basic_attack,aemeath_mech_basic_stage_2,aemeath,aemeath,118.08333333333333,118.85,86.76666666666667,87.53333333333333,0.7666666666666667,0.7666666666666667,10802.024014964434,2142693.5080588376,0.0,0.0,False
aemeath_basic_attack,aemeath_mech_basic_stage_3,aemeath,aemeath,118.85,119.81666666666666,87.53333333333333,88.5,0.9666666666666667,0.9666666666666667,12654.530988122184,2155348.03904696,0.0,0.0,False
aemeath_basic_attack,aemeath_mech_basic_stage_4,aemeath,aemeath,119.81666666666666,120.83333333333333,88.5,89.51666666666667,1.0166666666666666,1.0166666666666666,15661.363914403353,2171009.402961363,0.0,0.0,False
aemeath_basic_attack,aemeath_mech_basic_stage_1,aemeath,aemeath,120.83333333333333,121.33333333333333,89.51666666666667,90.01666666666667,0.5,0.5,8098.899832398196,2179108.3027937612,0.0,0.0,False
swap_to_mornye,swap_to_mornye,mornye,aemeath,121.33333333333333,121.33333333333333,90.01666666666667,90.01666666666667,0.0,0.0,0.0,2179108.3027937612,0.0,0.0,False
swap_to_lynae,swap_to_lynae,lynae,mornye,121.33333333333333,121.33333333333333,90.01666666666667,90.01666666666667,0.0,0.0,0.0,2179108.3027937612,0.0,0.0,False
lynae_resonance_liberation,lynae_resonance_liberation_prismatic_overblast,lynae,lynae,121.33333333333333,125.33333333333333,90.01666666666667,90.01666666666667,0.0,0.0,46478.09825855948,2225586.401052321,0.0,0.0,False
lynae_tune_break,lynae_tune_break,lynae,lynae,125.33333333333333,126.93333333333332,90.01666666666667,90.01666666666667,0.0,0.0,247632.29018919574,2473218.6912415167,0.0,0.0,False
lynae_echo_hyvatia,lynae_echo_hyvatia,lynae,lynae,126.93333333333332,128.13333333333333,90.01666666666667,91.21666666666667,1.2,1.2,15860.155754971727,2489078.8469964885,0.0,0.0,False
swap_to_mornye,swap_to_mornye,mornye,lynae,128.13333333333333,128.13333333333333,91.21666666666667,91.21666666666667,0.0,0.0,0.0,2489078.8469964885,0.0,0.0,False
swap_to_aemeath,swap_to_aemeath,aemeath,mornye,128.13333333333333,128.13333333333333,91.21666666666667,91.21666666666667,0.0,0.0,0.0,2489078.8469964885,0.0,0.0,False
short_wait,short_wait,,aemeath,128.13333333333333,128.63333333333333,91.21666666666667,91.71666666666667,0.5,0.5,0.0,2489078.8469964885,0.0,0.0,False
aemeath_basic_attack,aemeath_mech_basic_stage_2,aemeath,aemeath,128.63333333333333,129.4,91.71666666666667,92.48333333333333,0.7666666666666667,0.7666666666666667,12876.012625837606,2501954.859622326,0.0,0.0,False
aemeath_basic_attack,aemeath_mech_basic_stage_3,aemeath,aemeath,129.4,130.36666666666667,92.48333333333333,93.45,0.9666666666666667,0.9666666666666667,15084.200937841642,2517039.0605601678,0.0,0.0,False
aemeath_basic_attack,aemeath_mech_basic_stage_4,aemeath,aemeath,130.36666666666667,131.38333333333335,93.45,94.46666666666667,1.0166666666666666,1.0166666666666666,18668.345785968795,2535707.4063461367,0.0,0.0,False
aemeath_basic_attack,aemeath_mech_basic_stage_1,aemeath,aemeath,131.38333333333335,131.88333333333335,94.46666666666667,94.96666666666667,0.5,0.5,9653.88860021865,2545361.2949463553,0.0,0.0,False
aemeath_basic_attack,aemeath_mech_basic_stage_2,aemeath,aemeath,131.88333333333335,132.65000000000003,94.96666666666667,95.73333333333333,0.7666666666666667,0.7666666666666667,12876.012625837606,2558237.307572193,0.0,0.0,False
aemeath_basic_attack,aemeath_mech_basic_stage_3,aemeath,aemeath,132.65000000000003,133.6166666666667,95.73333333333333,96.7,0.9666666666666667,0.9666666666666667,15084.200937841642,2573321.5085100345,0.0,0.0,False
aemeath_resonance_skill,aemeath_seraphic_duet_encore,aemeath,aemeath,133.6166666666667,136.03333333333336,96.7,98.03333333333333,1.3333333333333333,1.3333333333333333,123770.74420539857,2697092.252715433,0.0,54271.06860158311,False
aemeath_basic_attack,aemeath_basic_form_stage_2,aemeath,aemeath,136.03333333333336,136.7166666666667,98.03333333333333,98.71666666666667,0.6833333333333333,0.6833333333333333,9634.469858781431,2706726.7225742145,0.0,0.0,False
aemeath_basic_attack,aemeath_basic_form_stage_3,aemeath,aemeath,136.7166666666667,137.45000000000002,98.71666666666667,99.45,0.7333333333333333,0.7333333333333333,12920.398320551252,2719647.1208947655,0.0,0.0,False
aemeath_basic_attack,aemeath_basic_form_stage_4,aemeath,aemeath,137.45000000000002,138.43333333333334,99.45,100.43333333333334,0.9833333333333333,0.9833333333333333,18668.345785968795,2738315.4666807344,0.0,0.0,False
aemeath_basic_attack,aemeath_basic_form_stage_1,aemeath,aemeath,138.43333333333334,138.81666666666666,100.43333333333334,100.81666666666668,0.38333333333333336,0.38333333333333336,6428.990468680093,2744744.4571494143,0.0,0.0,False
aemeath_heavy_attack,aemeath_heavy_aemeath_charged_2,aemeath,aemeath,138.81666666666666,140.33333333333334,100.81666666666668,102.33333333333334,1.5166666666666666,1.5166666666666666,135154.4404030611,2879898.8975524753,0.0,0.0,False
aemeath_resonance_liberation,aemeath_heavenfall_finale,aemeath,aemeath,140.33333333333334,146.0,102.33333333333334,102.33333333333334,0.0,0.0,347457.5986620592,3227356.4962145346,0.0,0.0,False
aemeath_basic_attack,aemeath_basic_form_stage_1,aemeath,aemeath,146.0,146.38333333333333,102.33333333333334,102.71666666666668,0.38333333333333336,0.38333333333333336,6428.990468680093,3233785.4866832145,0.0,0.0,False
swap_to_mornye,swap_to_mornye,mornye,aemeath,146.38333333333333,146.38333333333333,102.71666666666668,102.71666666666668,0.0,0.0,0.0,3233785.4866832145,0.0,0.0,False
swap_to_lynae,swap_to_lynae,lynae,mornye,146.38333333333333,146.38333333333333,102.71666666666668,102.71666666666668,0.0,0.0,0.0,3233785.4866832145,0.0,0.0,False
lynae_resonance_skill,lynae_resonance_skill_palette,lynae,lynae,146.38333333333333,147.66666666666666,102.71666666666668,104.00000000000001,1.2833333333333334,1.2833333333333334,15873.733567687623,3249659.220250902,0.0,0.0,False
swap_to_mornye,swap_to_mornye,mornye,lynae,147.66666666666666,147.66666666666666,104.00000000000001,104.00000000000001,0.0,0.0,0.0,3249659.220250902,0.0,0.0,False
mornye_echo_reactor_husk,mornye_echo_reactor_husk,mornye,mornye,147.66666666666666,148.76666666666665,104.00000000000001,105.10000000000001,1.1,1.1,3551.9958124104382,3253211.2160633127,0.0,0.0,False
swap_to_lynae,swap_to_lynae,lynae,mornye,148.76666666666665,148.76666666666665,105.10000000000001,105.10000000000001,0.0,0.0,0.0,3253211.2160633127,0.0,0.0,False
swap_to_aemeath,swap_to_aemeath,aemeath,lynae,148.76666666666665,148.76666666666665,105.10000000000001,105.10000000000001,0.0,0.0,0.0,3253211.2160633127,0.0,0.0,False
aemeath_basic_attack,aemeath_basic_form_stage_2,aemeath,aemeath,148.76666666666665,149.45,105.10000000000001,105.78333333333335,0.6833333333333333,0.6833333333333333,9634.469858781431,3262845.685922094,0.0,0.0,False
aemeath_resonance_liberation,aemeath_liberation_overdrive,aemeath,aemeath,149.45,153.81666666666666,105.78333333333335,105.78333333333335,0.0,0.0,194968.04777799058,3457813.7337000845,0.0,0.0,False
aemeath_basic_attack,aemeath_mech_basic_stage_2,aemeath,aemeath,153.81666666666666,154.58333333333334,105.78333333333335,106.55000000000001,0.7666666666666667,0.7666666666666667,12876.012625837606,3470689.746325922,0.0,0.0,False
aemeath_basic_attack,aemeath_mech_basic_stage_3,aemeath,aemeath,154.58333333333334,155.55,106.55000000000001,107.51666666666668,0.9666666666666667,0.9666666666666667,13773.58679051033,3484463.3331164327,0.0,0.0,False
swap_to_lynae,transition:lynae_intro_time_to_show_some_colors,lynae,lynae,155.55,156.88333333333335,107.51666666666668,108.85000000000001,1.3333333333333333,1.3333333333333333,10901.44314943012,3495364.776265863,0.0,0.0,False
swap_to_mornye,swap_to_mornye,mornye,lynae,156.88333333333335,156.88333333333335,108.85000000000001,108.85000000000001,0.0,0.0,0.0,3495364.776265863,0.0,0.0,False
swap_to_aemeath,swap_to_aemeath,aemeath,mornye,156.88333333333335,156.88333333333335,108.85000000000001,108.85000000000001,0.0,0.0,0.0,3495364.776265863,0.0,0.0,False
aemeath_basic_attack,aemeath_mech_basic_stage_4,aemeath,aemeath,156.88333333333335,157.90000000000003,108.85000000000001,109.86666666666667,1.0166666666666666,1.0166666666666666,14186.197251914738,3509550.9735177774,0.0,0.0,False
aemeath_basic_attack,aemeath_mech_basic_stage_1,aemeath,aemeath,157.90000000000003,158.40000000000003,109.86666666666667,110.36666666666667,0.5,0.5,7336.0526690932875,3516887.026186871,0.0,0.0,False
aemeath_basic_attack,aemeath_mech_basic_stage_2,aemeath,aemeath,158.40000000000003,159.1666666666667,110.36666666666667,111.13333333333334,0.7666666666666667,0.7666666666666667,9784.565650458766,3526671.59183733,0.0,0.0,False
aemeath_basic_attack,aemeath_mech_basic_stage_3,aemeath,aemeath,159.1666666666667,160.13333333333338,111.13333333333334,112.10000000000001,0.9666666666666667,0.9666666666666667,11462.58229545826,3538134.174132788,0.0,0.0,False
aemeath_basic_attack,aemeath_mech_basic_stage_4,aemeath,aemeath,160.13333333333338,161.15000000000006,112.10000000000001,113.11666666666667,1.0166666666666666,1.0166666666666666,14186.197251914738,3552320.3713847026,0.0,0.0,False
aemeath_basic_attack,aemeath_mech_basic_stage_1,aemeath,aemeath,161.15000000000006,161.65000000000006,113.11666666666667,113.61666666666667,0.5,0.5,7336.0526690932875,3559656.424053796,0.0,0.0,False
aemeath_basic_attack,aemeath_mech_basic_stage_2,aemeath,aemeath,161.65000000000006,162.41666666666674,113.61666666666667,114.38333333333334,0.7666666666666667,0.7666666666666667,9784.565650458766,3569440.989704255,0.0,0.0,False
aemeath_basic_attack,aemeath_mech_basic_stage_3,aemeath,aemeath,162.41666666666674,163.3833333333334,114.38333333333334,115.35000000000001,0.9666666666666667,0.9666666666666667,11462.58229545826,3580903.5719997133,0.0,0.0,False
aemeath_resonance_skill,aemeath_seraphic_duet_encore,aemeath,aemeath,163.3833333333334,165.80000000000007,115.35000000000001,116.68333333333334,1.3333333333333333,1.3333333333333333,102150.59012648455,3683054.162126198,0.0,49337.33509234829,False
aemeath_basic_attack,aemeath_basic_form_stage_2,aemeath,aemeath,165.80000000000007,166.4833333333334,116.68333333333334,117.36666666666667,0.6833333333333333,0.6833333333333333,7321.296241310628,3690375.4583675084,0.0,0.0,False
swap_to_lynae,swap_to_lynae,lynae,aemeath,166.4833333333334,166.4833333333334,117.36666666666667,117.36666666666667,0.0,0.0,0.0,3690375.4583675084,0.0,0.0,False
lynae_spark_collision,lynae_spark_collision_lv3,lynae,lynae,166.4833333333334,168.03333333333342,117.36666666666667,118.91666666666667,1.55,1.55,32135.80597572979,3722511.264343238,0.0,0.0,False
lynae_tune_break,lynae_tune_break,lynae,lynae,168.03333333333342,169.6333333333334,118.91666666666667,118.91666666666667,0.0,0.0,229584.79678550182,3952096.06112874,0.0,0.0,False
lynae_polychrome_leap,lynae_polychrome_leap_stage_1,lynae,lynae,169.6333333333334,170.3833333333334,118.91666666666667,119.66666666666667,0.75,0.75,5210.469666402029,3957306.530795142,0.0,0.0,False
swap_to_mornye,transition:mornye_intro_convergence,mornye,mornye,170.3833333333334,172.21666666666675,119.66666666666667,120.0,1.8333333333333333,0.3333333333333286,0.0,3957306.530795142,0.0,0.0,True
